"구분별(1)",구분별(2),2020. 01. 31,2020. 01. 31,2020. 02. 03,2020. 02. 03,2020. 02. 04,2020. 02. 04,2020. 02. 05,2020. 02. 05,2020. 02. 06,2020. 02. 06,2020. 02. 07,2020. 02. 07,2020. 02. 08,2020. 02. 08,2020. 02. 09,2020. 02. 09,2020. 02. 10,2020. 02. 10,2020. 02. 11,2020. 02. 11,2020. 02. 12,2020. 02. 12,2020. 02. 13,2020. 02. 13,2020. 02. 14,2020. 02. 14,2020. 02. 15,2020. 02. 15,2020. 02. 16,2020. 02. 16,2020. 02. 17,2020. 02. 17,2020. 02. 18,2020. 02. 18,2020. 02. 19,2020. 02. 19,2020. 02. 20,2020. 02. 20,2020. 02. 21,2020. 02. 21,2020. 02. 22,2020. 02. 22,2020. 02. 23,2020. 02. 23,2020. 02. 24,2020. 02. 24,2020. 02. 25,2020. 02. 25,2020. 02. 26,2020. 02. 26,2020. 02. 27,2020. 02. 27,2020. 02. 28,2020. 02. 28,2020. 02. 29,2020. 02. 29,2020. 03. 01,2020. 03. 01,2020. 03. 02,2020. 03. 02,2020. 03. 03,2020. 03. 03,2020. 03. 04,2020. 03. 04,2020. 03. 05,2020. 03. 05,2020. 03. 06,2020. 03. 06,2020. 03. 07,2020. 03. 07,2020. 03. 08,2020. 03. 08,2020. 03. 09,2020. 03. 09,2020. 03. 10,2020. 03. 10,2020. 03. 11,2020. 03. 11,2020. 03. 12,2020. 03. 12,2020. 03. 13,2020. 03. 13,2020. 03. 14,2020. 03. 14,2020. 03. 15,2020. 03. 15,2020. 03. 16,2020. 03. 16,2020. 03. 17,2020. 03. 17,2020. 03. 18,2020. 03. 18,2020. 03. 19,2020. 03. 19,2020. 03. 20,2020. 03. 20,2020. 03. 21,2020. 03. 21,2020. 03. 22,2020. 03. 22,2020. 03. 23,2020. 03. 23,2020. 03. 24,2020. 03. 24,2020. 03. 25,2020. 03. 25,2020. 03. 26,2020. 03. 26,2020. 03. 27,2020. 03. 27,2020. 03. 28,2020. 03. 28,2020. 03. 29,2020. 03. 29,2020. 03. 30,2020. 03. 30,2020. 03. 31,2020. 03. 31,2020. 04. 01,2020. 04. 01,2020. 04. 02,2020. 04. 02,2020. 04. 03,2020. 04. 03,2020. 04. 04,2020. 04. 04,2020. 04. 05,2020. 04. 05,2020. 04. 06,2020. 04. 06,2020. 04. 07,2020. 04. 07,2020. 04. 08,2020. 04. 08,2020. 04. 09,2020. 04. 09,2020. 04. 10,2020. 04. 10,2020. 04. 11,2020. 04. 11,2020. 04. 12,2020. 04. 12,2020. 04. 13,2020. 04. 13,2020. 04. 14,2020. 04. 14,2020. 04. 15,2020. 04. 15,2020. 04. 16,2020. 04. 16,2020. 04. 17,2020. 04. 17,2020. 04. 18,2020. 04. 18,2020. 04. 19,2020. 04. 19,2020. 04. 20,2020. 04. 20,2020. 04. 21,2020. 04. 21,2020. 04. 22,2020. 04. 22,2020. 04. 23,2020. 04. 23,2020. 04. 24,2020. 04. 24,2020. 04. 25,2020. 04. 25,2020. 04. 26,2020. 04. 26,2020. 04. 27,2020. 04. 27,2020. 04. 28,2020. 04. 28,2020. 04. 29,2020. 04. 29,2020. 04. 30,2020. 04. 30,2020. 05. 01,2020. 05. 01,2020. 05. 02,2020. 05. 02,2020. 05. 03,2020. 05. 03,2020. 05. 04,2020. 05. 04,2020. 05. 05,2020. 05. 05,2020. 05. 06,2020. 05. 06,2020. 05. 07,2020. 05. 07,2020. 05. 08,2020. 05. 08,2020. 05. 09,2020. 05. 09,2020. 05. 10,2020. 05. 10,2020. 05. 11,2020. 05. 11,2020. 05. 12,2020. 05. 12,2020. 05. 13,2020. 05. 13,2020. 05. 14,2020. 05. 14,2020. 05. 15,2020. 05. 15,2020. 05. 16,2020. 05. 16,2020. 05. 17,2020. 05. 17,2020. 05. 18,2020. 05. 18,2020. 05. 19,2020. 05. 19,2020. 05. 20,2020. 05. 20,2020. 05. 21,2020. 05. 21,2020. 05. 22,2020. 05. 22,2020. 05. 23,2020. 05. 23,2020. 05. 24,2020. 05. 24,2020. 05. 25,2020. 05. 25,2020. 05. 26,2020. 05. 26,2020. 05. 27,2020. 05. 27,2020. 05. 28,2020. 05. 28,2020. 05. 29,2020. 05. 29,2020. 05. 30,2020. 05. 30,2020. 05. 31,2020. 05. 31,2020. 06. 01,2020. 06. 01,2020. 06. 02,2020. 06. 02,2020. 06. 03,2020. 06. 03,2020. 06. 04,2020. 06. 04,2020. 06. 05,2020. 06. 05,2020. 06. 06,2020. 06. 06,2020. 06. 07,2020. 06. 07,2020. 06. 08,2020. 06. 08,2020. 06. 09,2020. 06. 09,2020. 06. 10,2020. 06. 10,2020. 06. 11,2020. 06. 11,2020. 06. 12,2020. 06. 12,2020. 06. 13,2020. 06. 13,2020. 06. 14,2020. 06. 14,2020. 06. 15,2020. 06. 15,2020. 06. 16,2020. 06. 16,2020. 06. 17,2020. 06. 17,2020. 06. 18,2020. 06. 18,2020. 06. 19,2020. 06. 19,2020. 06. 20,2020. 06. 20,2020. 06. 21,2020. 06. 21,2020. 06. 22,2020. 06. 22,2020. 06. 23,2020. 06. 23,2020. 06. 24,2020. 06. 24,2020. 06. 25,2020. 06. 25,2020. 06. 26,2020. 06. 26,2020. 06. 27,2020. 06. 27,2020. 06. 28,2020. 06. 28,2020. 06. 29,2020. 06. 29,2020. 06. 30,2020. 06. 30,2020. 07. 01,2020. 07. 01,2020. 07. 02,2020. 07. 02,2020. 07. 03,2020. 07. 03,2020. 07. 04,2020. 07. 04,2020. 07. 05,2020. 07. 05,2020. 07. 06,2020. 07. 06,2020. 07. 07,2020. 07. 07,2020. 07. 08,2020. 07. 08,2020. 07. 09,2020. 07. 09,2020. 07. 10,2020. 07. 10,2020. 07. 11,2020. 07. 11,2020. 07. 12,2020. 07. 12,2020. 07. 13,2020. 07. 13,2020. 07. 14,2020. 07. 14,2020. 07. 15,2020. 07. 15,2020. 07. 16,2020. 07. 16,2020. 07. 17,2020. 07. 17,2020. 07. 18,2020. 07. 18,2020. 07. 19,2020. 07. 19,2020. 07. 20,2020. 07. 20,2020. 07. 21,2020. 07. 21,2020. 07. 22,2020. 07. 22,2020. 07. 23,2020. 07. 23,2020. 07. 24,2020. 07. 24,2020. 07. 25,2020. 07. 25,2020. 07. 26,2020. 07. 26,2020. 07. 27,2020. 07. 27,2020. 07. 28,2020. 07. 28,2020. 07. 29,2020. 07. 29,2020. 07. 30,2020. 07. 30,2020. 07. 31,2020. 07. 31,2020. 08. 01,2020. 08. 01,2020. 08. 02,2020. 08. 02,2020. 08. 03,2020. 08. 03,2020. 08. 04,2020. 08. 04,2020. 08. 05,2020. 08. 05,2020. 08. 06,2020. 08. 06,2020. 08. 07,2020. 08. 07,2020. 08. 08,2020. 08. 08,2020. 08. 09,2020. 08. 09,2020. 08. 10,2020. 08. 10,2020. 08. 11,2020. 08. 11,2020. 08. 12,2020. 08. 12,2020. 08. 13,2020. 08. 13,2020. 08. 14,2020. 08. 14,2020. 08. 15,2020. 08. 15,2020. 08. 16,2020. 08. 16,2020. 08. 17,2020. 08. 17,2020. 08. 18,2020. 08. 18,2020. 08. 19,2020. 08. 19,2020. 08. 20,2020. 08. 20,2020. 08. 21,2020. 08. 21,2020. 08. 22,2020. 08. 22,2020. 08. 23,2020. 08. 23,2020. 08. 24,2020. 08. 24,2020. 08. 25,2020. 08. 25,2020. 08. 26,2020. 08. 26,2020. 08. 27,2020. 08. 27,2020. 08. 28,2020. 08. 28,2020. 08. 29,2020. 08. 29,2020. 08. 30,2020. 08. 30,2020. 08. 31,2020. 08. 31,2020. 09. 01,2020. 09. 01,2020. 09. 02,2020. 09. 02,2020. 09. 03,2020. 09. 03,2020. 09. 04,2020. 09. 04,2020. 09. 05,2020. 09. 05,2020. 09. 06,2020. 09. 06,2020. 09. 07,2020. 09. 07,2020. 09. 08,2020. 09. 08,2020. 09. 09,2020. 09. 09,2020. 09. 10,2020. 09. 10,2020. 09. 11,2020. 09. 11,2020. 09. 12,2020. 09. 12,2020. 09. 13,2020. 09. 13,2020. 09. 14,2020. 09. 14,2020. 09. 15,2020. 09. 15,2020. 09. 16,2020. 09. 16,2020. 09. 17,2020. 09. 17,2020. 09. 18,2020. 09. 18,2020. 09. 19,2020. 09. 19,2020. 09. 20,2020. 09. 20,2020. 09. 21,2020. 09. 21,2020. 09. 22,2020. 09. 22,2020. 09. 23,2020. 09. 23,2020. 09. 24,2020. 09. 24,2020. 09. 25,2020. 09. 25,2020. 09. 26,2020. 09. 26,2020. 09. 27,2020. 09. 27,2020. 09. 28,2020. 09. 28,2020. 09. 29,2020. 09. 29,2020. 09. 30,2020. 09. 30,2020. 10. 01,2020. 10. 01,2020. 10. 02,2020. 10. 02,2020. 10. 03,2020. 10. 03,2020. 10. 04,2020. 10. 04,2020. 10. 05,2020. 10. 05,2020. 10. 06,2020. 10. 06,2020. 10. 07,2020. 10. 07,2020. 10. 08,2020. 10. 08,2020. 10. 09,2020. 10. 09,2020. 10. 10,2020. 10. 10,2020. 10. 11,2020. 10. 11,2020. 10. 12,2020. 10. 12,2020. 10. 13,2020. 10. 13,2020. 10. 14,2020. 10. 14,2020. 10. 15,2020. 10. 15,2020. 10. 16,2020. 10. 16,2020. 10. 17,2020. 10. 17,2020. 10. 18,2020. 10. 18,2020. 10. 19,2020. 10. 19,2020. 10. 20,2020. 10. 20,2020. 10. 21,2020. 10. 21,2020. 10. 22,2020. 10. 22,2020. 10. 23,2020. 10. 23,2020. 10. 24,2020. 10. 24,2020. 10. 25,2020. 10. 25,2020. 10. 26,2020. 10. 26,2020. 10. 27,2020. 10. 27,2020. 10. 28,2020. 10. 28,2020. 10. 29,2020. 10. 29,2020. 10. 30,2020. 10. 30,2020. 10. 31,2020. 10. 31,2020. 11. 01,2020. 11. 01,2020. 11. 02,2020. 11. 02,2020. 11. 03,2020. 11. 03,2020. 11. 04,2020. 11. 04,2020. 11. 05,2020. 11. 05,2020. 11. 06,2020. 11. 06,2020. 11. 07,2020. 11. 07,2020. 11. 08,2020. 11. 08,2020. 11. 09,2020. 11. 09,2020. 11. 10,2020. 11. 10,2020. 11. 11,2020. 11. 11,2020. 11. 12,2020. 11. 12,2020. 11. 13,2020. 11. 13,2020. 11. 14,2020. 11. 14,2020. 11. 15,2020. 11. 15,2020. 11. 16,2020. 11. 16,2020. 11. 17,2020. 11. 17,2020. 11. 18,2020. 11. 18,2020. 11. 19,2020. 11. 19
"구분별(1)",구분별(2),확진,확진,확진,확진,확진,확진,확진,확진,확진,확진,확진,확진,확진,확진,확진,확진,확진,확진,확진,확진,확진,확진,확진,확진,확진,확진,확진,확진,확진,확진,확진,확진,확진,확진,확진,확진,확진,확진,확진,확진,확진,확진,확진,확진,확진,확진,확진,확진,확진,확진,확진,확진,확진,확진,확진,확진,확진,확진,확진,확진,확진,확진,확진,확진,확진,확진,확진,확진,확진,확진,확진,확진,확진,확진,확진,확진,확진,확진,확진,확진,확진,확진,확진,확진,확진,확진,확진,확진,확진,확진,확진,확진,확진,확진,확진,확진,확진,확진,확진,확진,확진,확진,확진,확진,확진,확진,확진,확진,확진,확진,확진,확진,확진,확진,확진,확진,확진,확진,확진,확진,확진,확진,확진,확진,확진,확진,확진,확진,확진,확진,확진,확진,확진,확진,확진,확진,확진,확진,확진,확진,확진,확진,확진,확진,확진,확진,확진,확진,확진,확진,확진,확진,확진,확진,확진,확진,확진,확진,확진,확진,확진,확진,확진,확진,확진,확진,확진,확진,확진,확진,확진,확진,확진,확진,확진,확진,확진,확진,확진,확진,확진,확진,확진,확진,확진,확진,확진,확진,확진,확진,확진,확진,확진,확진,확진,확진,확진,확진,확진,확진,확진,확진,확진,확진,확진,확진,확진,확진,확진,확진,확진,확진,확진,확진,확진,확진,확진,확진,확진,확진,확진,확진,확진,확진,확진,확진,확진,확진,확진,확진,확진,확진,확진,확진,확진,확진,확진,확진,확진,확진,확진,확진,확진,확진,확진,확진,확진,확진,확진,확진,확진,확진,확진,확진,확진,확진,확진,확진,확진,확진,확진,확진,확진,확진,확진,확진,확진,확진,확진,확진,확진,확진,확진,확진,확진,확진,확진,확진,확진,확진,확진,확진,확진,확진,확진,확진,확진,확진,확진,확진,확진,확진,확진,확진,확진,확진,확진,확진,확진,확진,확진,확진,확진,확진,확진,확진,확진,확진,확진,확진,확진,확진,확진,확진,확진,확진,확진,확진,확진,확진,확진,확진,확진,확진,확진,확진,확진,확진,확진,확진,확진,확진,확진,확진,확진,확진,확진,확진,확진,확진,확진,확진,확진,확진,확진,확진,확진,확진,확진,확진,확진,확진,확진,확진,확진,확진,확진,확진,확진,확진,확진,확진,확진,확진,확진,확진,확진,확진,확진,확진,확진,확진,확진,확진,확진,확진,확진,확진,확진,확진,확진,확진,확진,확진,확진,확진,확진,확진,확진,확진,확진,확진,확진,확진,확진,확진,확진,확진,확진,확진,확진,확진,확진,확진,확진,확진,확진,확진,확진,확진,확진,확진,확진,확진,확진,확진,확진,확진,확진,확진,확진,확진,확진,확진,확진,확진,확진,확진,확진,확진,확진,확진,확진,확진,확진,확진,확진,확진,확진,확진,확진,확진,확진,확진,확진,확진,확진,확진,확진,확진,확진,확진,확진,확진,확진,확진,확진,확진,확진,확진,확진,확진,확진,확진,확진,확진,확진,확진,확진,확진,확진,확진,확진,확진,확진,확진,확진,확진,확진,확진,확진,확진,확진,확진,확진,확진,확진,확진,확진,확진,확진,확진,확진,확진,확진,확진,확진,확진,확진,확진,확진,확진,확진,확진,확진,확진,확진,확진,확진,확진,확진,확진,확진,확진,확진,확진,확진,확진,확진,확진,확진,확진,확진,확진,확진,확진,확진,확진,확진,확진,확진,확진,확진,확진,확진,확진,확진,확진,확진,확진,확진,확진,확진,확진,확진,확진,확진,확진,확진,확진,확진,확진,확진,확진,확진,확진,확진,확진,확진,확진,확진,확진,확진,확진,확진,확진,확진,확진,확진,확진,확진,확진,확진,확진,확진,확진,확진,확진,확진,확진,확진,확진,확진,확진
"구분별(1)",구분별(2),신규,누적,신규,누적,신규,누적,신규,누적,신규,누적,신규,누적,신규,누적,신규,누적,신규,누적,신규,누적,신규,누적,신규,누적,신규,누적,신규,누적,신규,누적,신규,누적,신규,누적,신규,누적,신규,누적,신규,누적,신규,누적,신규,누적,신규,누적,신규,누적,신규,누적,신규,누적,신규,누적,신규,누적,신규,누적,신규,누적,신규,누적,신규,누적,신규,누적,신규,누적,신규,누적,신규,누적,신규,누적,신규,누적,신규,누적,신규,누적,신규,누적,신규,누적,신규,누적,신규,누적,신규,누적,신규,누적,신규,누적,신규,누적,신규,누적,신규,누적,신규,누적,신규,누적,신규,누적,신규,누적,신규,누적,신규,누적,신규,누적,신규,누적,신규,누적,신규,누적,신규,누적,신규,누적,신규,누적,신규,누적,신규,누적,신규,누적,신규,누적,신규,누적,신규,누적,신규,누적,신규,누적,신규,누적,신규,누적,신규,누적,신규,누적,신규,누적,신규,누적,신규,누적,신규,누적,신규,누적,신규,누적,신규,누적,신규,누적,신규,누적,신규,누적,신규,누적,신규,누적,신규,누적,신규,누적,신규,누적,신규,누적,신규,누적,신규,누적,신규,누적,신규,누적,신규,누적,신규,누적,신규,누적,신규,누적,신규,누적,신규,누적,신규,누적,신규,누적,신규,누적,신규,누적,신규,누적,신규,누적,신규,누적,신규,누적,신규,누적,신규,누적,신규,누적,신규,누적,신규,누적,신규,누적,신규,누적,신규,누적,신규,누적,신규,누적,신규,누적,신규,누적,신규,누적,신규,누적,신규,누적,신규,누적,신규,누적,신규,누적,신규,누적,신규,누적,신규,누적,신규,누적,신규,누적,신규,누적,신규,누적,신규,누적,신규,누적,신규,누적,신규,누적,신규,누적,신규,누적,신규,누적,신규,누적,신규,누적,신규,누적,신규,누적,신규,누적,신규,누적,신규,누적,신규,누적,신규,누적,신규,누적,신규,누적,신규,누적,신규,누적,신규,누적,신규,누적,신규,누적,신규,누적,신규,누적,신규,누적,신규,누적,신규,누적,신규,누적,신규,누적,신규,누적,신규,누적,신규,누적,신규,누적,신규,누적,신규,누적,신규,누적,신규,누적,신규,누적,신규,누적,신규,누적,신규,누적,신규,누적,신규,누적,신규,누적,신규,누적,신규,누적,신규,누적,신규,누적,신규,누적,신규,누적,신규,누적,신규,누적,신규,누적,신규,누적,신규,누적,신규,누적,신규,누적,신규,누적,신규,누적,신규,누적,신규,누적,신규,누적,신규,누적,신규,누적,신규,누적,신규,누적,신규,누적,신규,누적,신규,누적,신규,누적,신규,누적,신규,누적,신규,누적,신규,누적,신규,누적,신규,누적,신규,누적,신규,누적,신규,누적,신규,누적,신규,누적,신규,누적,신규,누적,신규,누적,신규,누적,신규,누적,신규,누적,신규,누적,신규,누적,신규,누적,신규,누적,신규,누적,신규,누적,신규,누적,신규,누적,신규,누적,신규,누적,신규,누적,신규,누적,신규,누적,신규,누적,신규,누적,신규,누적,신규,누적,신규,누적,신규,누적,신규,누적,신규,누적,신규,누적,신규,누적,신규,누적,신규,누적,신규,누적,신규,누적,신규,누적,신규,누적,신규,누적,신규,누적,신규,누적,신규,누적,신규,누적,신규,누적,신규,누적,신규,누적,신규,누적,신규,누적,신규,누적,신규,누적,신규,누적,신규,누적,신규,누적,신규,누적,신규,누적,신규,누적,신규,누적,신규,누적,신규,누적,신규,누적,신규,누적,신규,누적,신규,누적,신규,누적,신규,누적,신규,누적,신규,누적,신규,누적,신규,누적,신규,누적,신규,누적,신규,누적,신규,누적,신규,누적,신규,누적,신규,누적,신규,누적,신규,누적,신규,누적
"전체",소계,-,0,-,0,18,18,1,19,4,23,1,24,0,24,3,27,0,27,1,28,0,28,0,28,0,28,0,28,1,29,1,30,1,31,20,51,53,104,100,204,229,433,169,602,231,833,144,977,284,1261,505,1766,571,2337,813,3150,586,3736,476,4212,600,4812,516,5328,438,5766,518,6284,483,6767,367,7134,248,7382,131,7513,242,7755,114,7869,110,7979,107,8086,76,8162,74,8236,84,8320,93,8413,152,8565,87,8652,147,8799,98,8897,64,8961,76,9037,100,9137,104,9241,91,9332,146,9478,105,9583,78,9661,125,9786,101,9887,89,9976,86,10062,94,10156,81,10237,47,10284,47,10331,53,10384,39,10423,27,10450,30,10480,32,10512,25,10537,27,10564,27,10591,22,10613,22,10635,18,10653,8,10661,13,10674,9,10683,11,10694,8,10702,6,10708,10,10718,10,10728,10,10738,14,10752,9,10761,4,10765,9,10774,6,10780,13,10793,8,10801,3,10804,2,10806,4,10810,12,10822,18,10840,34,10874,35,10909,27,10936,26,10962,29,10991,27,11018,19,11037,13,11050,15,11065,13,11078,32,11110,12,11122,20,11142,23,11165,25,11190,16,11206,19,11225,40,11265,79,11344,58,11402,39,11441,27,11468,35,11503,38,11541,49,11590,39,11629,39,11668,51,11719,57,11776,38,11814,38,11852,50,11902,45,11947,56,12003,48,12051,34,12085,36,12121,34,12155,43,12198,59,12257,49,12306,67,12373,48,12421,17,12438,46,12484,51,12535,28,12563,39,12602,51,12653,62,12715,42,12757,43,12800,50,12850,54,12904,63,12967,63,13030,61,13091,46,13137,44,13181,63,13244,49,13293,45,13338,35,13373,44,13417,62,13479,33,13512,39,13551,61,13612,60,13672,39,13711,34,13745,26,13771,45,13816,63,13879,59,13938,41,13979,113,14092,58,14150,25,14175,28,14203,48,14251,18,14269,36,14305,31,14336,30,14366,23,14389,34,14423,33,14456,43,14499,20,14519,43,14562,36,14598,28,14626,34,14660,54,14714,56,14770,103,14873,166,15039,279,15318,197,15515,246,15761,297,16058,288,16346,324,16670,332,17002,397,17399,266,17665,280,17945,320,18265,441,18706,371,19077,323,19400,299,19699,248,19947,235,20182,267,20449,195,20644,198,20842,168,21010,167,21177,119,21296,136,21432,156,21588,155,21743,176,21919,136,22055,121,22176,109,22285,106,22391,113,22504,153,22657,126,22783,110,22893,82,22975,70,23045,61,23106,110,23216,125,23341,114,23455,61,23516,95,23611,50,23661,38,23699,113,23812,77,23889,63,23952,75,24027,64,24091,73,24164,75,24239,114,24353,69,24422,54,24476,72,24548,58,24606,97,24703,102,24805,84,24889,110,24988,47,25035,73,25108,91,25199,76,25275,58,25333,91,25424,121,25543,155,25698,77,25775,61,25836,119,25955,88,26043,103,26146,125,26271,114,26385,127,26511,124,26635,97,26732,75,26807,118,26925,125,27050,145,27195,89,27284,143,27427,126,27553,100,27653,146,27799,143,27942,191,28133,205,28338,208,28546,223,28769,230,28998,313,29311,343,29654
"시도별",서울,-,-,-,-,-,-,-,-,-,-,-,-,-,-,-,-,-,-,-,-,-,-,-,-,-,-,-,-,-,-,-,-,-,-,-,-,-,-,-,-,-,-,-,-,-,-,-,-,-,-,-,-,-,-,-,-,-,-,10,-,-,-,1,99,4,103,2,105,3,108,12,120,10,130,11,141,52,193,19,212,13,225,13,238,9,247,6,253,12,265,5,270,12,282,17,299,15,314,10,324,6,330,4,334,13,347,13,360,12,372,18,390,20,410,16,426,24,450,24,474,14,488,18,506,22,528,24,552,11,563,4,567,11,578,12,590,5,595,4,599,3,602,8,610,2,612,5,617,2,619,2,621,1,622,2,624,0,624,2,626,2,628,0,628,0,628,1,629,0,629,0,629,4,633,0,633,0,633,1,634,1,635,2,637,0,637,0,637,0,637,0,637,0,637,12,649,14,663,20,683,12,695,12,707,4,711,14,725,5,730,5,735,1,736,6,742,10,752,4,756,2,758,4,762,6,768,6,774,9,783,19,802,24,826,20,846,9,855,6,861,1,862,14,876,19,895,14,909,15,924,23,947,27,974,22,996,19,1015,12,1027,21,1048,25,1073,29,1101,12,1113,7,1120,12,1132,13,1145,25,1170,18,1188,14,1202,17,1219,5,1224,6,1230,11,1241,9,1250,17,1267,17,1284,14,1298,7,1305,7,1312,9,1321,13,1334,12,1346,7,1353,16,1369,3,1372,3,1375,10,1385,8,1393,8,1401,8,1409,7,1416,13,1429,7,1436,6,1442,7,1449,9,1458,6,1464,10,1474,3,1477,21,1498,16,1514,12,1526,21,1547,11,1558,7,1565,9,1574,6,1580,9,1589,3,1592,8,1600,2,1602,5,1607,5,1612,9,1621,6,1627,9,1636,9,1645,17,1662,13,1675,13,1688,6,1694,15,1709,26,1735,32,1767,74,1841,146,1987,90,2077,132,2209,151,2360,135,2495,126,2621,128,2749,140,2889,97,2986,134,3120,112,3232,154,3386,146,3532,125,3657,116,3773,94,3867,94,3961,101,4062,69,4131,68,4201,51,4251,63,4314,48,4362,67,4429,49,4478,48,4526,63,4589,50,4639,31,4670,41,4711,32,4743,51,4794,63,4857,46,4904,40,4944,28,4972,23,4995,21,5016,40,5056,39,5095,57,5152,26,5178,34,5212,19,5231,11,5242,51,5293,30,5323,11,5334,26,5360,16,5376,19,5395,15,5410,33,5443,20,5463,22,5485,25,5510,23,5533,31,5564,20,5584,23,5607,25,5632,18,5650,18,5668,20,5688,14,5702,11,5713,17,5730,18,5748,20,5768,22,5790,17,5807,20,5827,24,5851,25,5876,36,5912,48,5960,52,6011,45,6056,25,6081,22,6103,42,6145,50,6195,40,6235,37,6272,54,6326,46,6372,35,6407,45,6452,53,6505,74,6579,69,6648,85,6733,81,6814,90,6903,92,6995,109,7104
"시도별",부산,-,-,-,-,-,-,-,-,-,-,-,-,-,-,-,-,-,-,-,-,-,-,-,-,-,-,-,-,-,-,-,-,-,-,-,-,-,-,-,-,-,-,-,-,-,-,-,-,-,-,-,-,-,-,-,-,-,-,3,-,-,-,3,93,-1,92,3,95,1,96,1,97,-1,96,0,96,2,98,1,99,1,100,3,103,3,106,1,107,0,107,0,107,0,107,1,108,0,108,0,108,1,109,2,111,1,112,0,112,1,113,1,114,3,117,1,118,1,119,3,122,0,122,0,122,0,122,0,122,0,122,1,123,2,125,0,125,1,126,0,126,0,126,0,126,0,126,1,127,3,130,0,130,0,130,0,130,2,132,0,132,2,134,1,135,1,136,0,136,1,137,0,137,0,137,0,137,0,137,0,137,1,138,0,138,0,138,0,138,0,138,0,138,2,140,1,141,0,141,0,141,0,141,3,144,0,144,0,144,0,114,0,144,0,144,0,144,0,144,0,144,0,144,0,144,0,144,0,144,0,144,0,144,1,145,0,145,1,146,1,147,0,147,0,147,0,147,0,147,0,147,0,147,0,147,0,147,0,147,0,147,0,147,0,147,0,147,0,147,0,147,1,148,0,148,0,148,0,148,2,150,0,150,0,150,0,150,2,152,0,152,0,152,0,152,0,152,1,153,1,154,0,154,0,154,0,154,1,155,0,155,1,156,0,156,0,156,0,156,0,156,0,156,0,156,0,156,0,156,0,156,0,156,0,156,1,157,0,157,0,157,0,157,0,157,2,159,2,161,5,166,1,167,1,168,2,170,1,171,0,171,0,171,1,172,1,173,0,173,1,174,0,174,3,177,0,177,0,177,0,177,1,178,9,187,4,191,2,193,5,198,3,201,7,208,7,215,7,222,9,231,15,246,8,254,3,257,2,259,3,262,3,265,4,269,8,277,8,285,6,291,6,297,4,301,3,304,7,311,4,315,4,319,10,329,2,331,9,340,1,341,2,343,1,344,3,347,4,351,3,354,3,357,4,361,4,365,2,367,2,369,2,371,6,377,8,385,5,390,7,397,7,404,3,407,2,409,3,412,1,413,3,416,5,421,6,427,18,445,8,453,5,458,5,463,3,466,2,468,5,473,5,478,3,481,3,484,4,488,1,489,2,491,55,546,0,546,6,552,4,556,15,571,2,573,10,583,5,588,0,588,0,588,1,589,0,589,1,590,0,590,0,590,0,590,2,592,0,592,0,592,1,593,1,594,4,598,0,598,2,600,0,600,2,602,1,603,3,606,2,608,0,608,4,612,0,612,0,612,0,612,5,617,5,622
"시도별",대구,-,-,-,-,-,-,-,-,-,-,-,-,-,-,-,-,-,-,-,-,-,-,-,-,-,-,-,-,-,-,-,-,-,-,-,-,-,-,-,-,-,-,-,-,-,-,-,-,-,-,-,-,-,-,-,-,-,-,469,-,-,-,405,4006,321,4327,367,4694,390,5084,297,5381,190,5571,92,5663,131,5794,73,5867,61,5928,62,5990,41,6031,35,6066,32,6098,46,6144,97,6241,34,6275,69,6344,43,6387,24,6411,31,6442,14,6456,26,6482,34,6516,71,6587,23,6610,14,6624,60,6684,20,6704,21,6725,9,6734,27,6761,7,6768,13,6781,13,6794,9,6803,4,6807,0,6807,7,6814,2,6816,3,6819,3,6822,1,6823,4,6827,0,6827,3,6830,2,6832,1,6833,2,6835,1,6836,4,6840,2,6842,3,6845,1,6846,1,6847,2,6849,3,6852,0,6852,0,6852,0,6852,4,6856,0,6856,0,6856,0,6856,0,6856,3,6859,0,6859,2,6861,0,6861,1,6862,3,6865,0,6865,3,6868,1,6869,1,6870,1,6871,0,6871,1,6872,0,6872,0,6872,1,6873,0,6873,1,6874,1,6875,3,6878,2,6880,0,6880,2,6882,1,6883,1,6884,0,6884,1,6885,0,6885,1,6886,0,6886,1,6887,1,6888,0,6888,0,6888,0,6888,1,6889,3,6892,2,6894,0,6894,0,6894,1,6895,1,6896,0,6896,2,6898,1,6899,1,6900,1,6901,2,6903,0,6903,0,6903,1,6904,0,6904,2,6906,0,6906,1,6907,3,6910,13,6923,1,6924,0,6924,2,6924,1,6925,1,6926,0,6926,0,6926,0,6926,0,6926,1,6927,0,6927,0,6927,2,6929,0,6929,3,6932,0,6932,2,6934,2,6936,1,6937,0,6937,2,6939,0,6939,0,6939,0,6939,0,6939,0,6939,0,6939,1,6940,0,6940,2,6942,0,6942,0,6942,1,6943,0,6943,0,6943,1,6944,1,6945,0,6945,0,6945,0,6945,1,6946,0,6946,0,6946,1,6947,1,6948,6,6954,2,6956,3,6959,4,6963,9,6972,6,6978,0,6978,5,6983,3,6986,13,6999,8,7007,6,7013,30,7043,4,7047,2,7049,13,7062,3,7065,7,7072,5,7077,5,7082,2,7084,2,7086,2,7088,1,7089,1,7090,4,7094,14,7108,4,7112,0,7112,4,7116,2,7118,2,7120,2,7122,2,7124,1,7125,0,7125,3,7128,1,7129,0,7129,1,7130,0,7130,0,7130,0,7130,2,7132,1,7133,0,7133,0,7133,2,7135,1,7136,0,7136,1,7137,0,7137,1,7138,1,7139,1,7140,0,7140,1,7141,0,7141,0,7141,0,7141,1,7142,0,7142,0,7142,0,7142,0,7142,2,7144,5,7149,0,7149,1,7150,0,7150,0,7150,2,7152,3,7155,10,7165,9,7174,2,7176,3,7179,0,7179,2,7181,2,7183,0,7183,1,7184,7,7191,6,7197,1,7198,0,7198,3,7201,1,7202,0,7202,1,7203,0,7203,3,7206,2,7208,2,7210
"시도별",인천,-,-,-,-,-,-,-,-,-,-,-,-,-,-,-,-,-,-,-,-,-,-,-,-,-,-,-,-,-,-,-,-,-,-,-,-,-,-,-,-,-,-,-,-,-,-,-,-,-,-,-,-,-,-,-,-,-,-,0,-,-,-,2,9,0,9,0,9,0,9,0,9,0,9,4,13,12,25,0,25,2,27,1,28,2,30,0,30,1,31,1,32,0,32,4,36,4,40,0,40,0,40,1,41,1,42,1,43,3,46,5,51,7,58,0,58,6,64,5,69,4,73,1,74,3,77,2,79,1,80,0,80,4,84,0,84,1,85,0,85,1,86,1,87,1,88,0,88,0,88,1,89,1,90,1,91,1,92,0,92,0,92,0,92,0,92,0,92,0,92,0,92,1,93,0,93,0,93,1,94,1,95,0,95,1,96,1,97,0,97,0,97,0,97,1,98,3,101,3,104,1,105,2,107,12,119,5,124,0,124,0,124,0,124,2,126,8,134,6,140,1,141,0,141,2,143,1,144,3,147,11,158,22,180,18,198,5,203,3,206,18,224,8,232,17,249,7,256,6,262,11,273,6,279,4,283,3,286,8,294,6,300,1,301,1,302,8,310,8,318,2,320,2,322,1,323,0,323,5,328,0,328,1,329,1,330,3,333,1,334,2,336,1,337,0,337,1,338,3,341,2,343,0,343,1,344,2,346,0,346,6,352,2,354,1,355,3,358,1,359,1,360,0,360,3,363,0,363,1,364,3,367,0,367,2,369,1,370,2,372,0,372,5,377,3,380,0,380,0,380,0,380,0,380,0,380,3,383,0,383,0,383,1,384,0,384,0,384,1,385,1,386,0,386,0,386,2,388,1,389,0,389,0,389,0,389,0,389,4,393,6,399,9,408,7,415,18,433,8,441,10,451,18,469,22,491,32,523,20,543,15,558,27,585,59,644,27,671,20,691,13,704,14,718,22,740,11,751,16,767,5,770,14,784,12,796,1,797,2,799,1,800,5,805,8,813,8,821,3,824,10,834,9,843,9,852,7,859,6,865,11,876,3,879,2,881,2,883,5,888,10,898,3,901,1,902,9,911,1,912,0,912,4,916,3,919,4,923,7,930,6,936,5,941,4,945,6,951,5,956,0,956,8,964,1,965,3,968,0,968,8,976,11,987,4,991,2,993,1,994,5,999,3,1002,6,1008,4,1012,5,1017,2,1019,0,1019,3,1022,2,1024,10,1034,5,1039,3,1042,3,1045,4,1049,2,1051,1,1052,4,1056,5,1061,0,1061,1,1062,3,1065,2,1067,3,1070,1,1071,2,1073,4,1077,1,1078,2,1080,10,1090,13,1103,12,1115,12,1127
"시도별",광주,-,-,-,-,-,-,-,-,-,-,-,-,-,-,-,-,-,-,-,-,-,-,-,-,-,-,-,-,-,-,-,-,-,-,-,-,-,-,-,-,-,-,-,-,-,-,-,-,-,-,-,-,-,-,-,-,-,-,0,-,-,-,2,13,1,14,-1,13,0,13,0,13,2,15,0,15,0,15,0,15,0,15,0,15,1,16,0,16,0,16,1,17,0,17,1,18,0,18,1,19,0,19,0,19,0,19,0,19,1,20,0,20,0,20,0,20,0,20,4,24,1,25,1,26,0,26,1,27,0,27,0,27,0,27,0,27,0,27,0,27,0,27,0,27,0,27,1,28,0,28,2,30,0,30,0,30,0,30,0,30,0,30,0,30,0,30,0,30,0,30,0,30,0,30,0,30,0,30,0,30,0,30,0,30,0,30,0,30,0,30,0,30,0,30,0,30,0,30,0,30,0,30,0,30,0,30,0,30,0,30,0,30,0,30,0,30,0,30,0,30,0,30,0,30,0,30,0,30,0,30,0,30,0,30,0,30,2,32,0,32,0,32,0,32,0,32,0,32,0,32,0,32,0,32,0,32,0,32,0,32,0,32,0,32,0,32,0,32,0,32,0,32,0,32,0,32,0,32,0,32,1,33,0,33,0,33,0,33,0,33,0,33,0,33,4,37,4,41,3,44,12,56,22,78,6,84,8,92,16,108,7,115,6,121,8,129,15,144,3,147,9,156,5,161,7,168,1,169,1,170,1,171,5,176,0,176,10,186,1,187,0,187,4,191,9,200,2,202,0,202,1,203,0,203,0,203,1,204,0,204,0,204,0,204,1,205,0,205,2,207,1,208,0,208,0,208,0,208,2,210,0,210,0,210,6,216,2,218,2,220,1,221,7,228,7,235,4,239,6,245,1,246,5,251,11,262,17,279,1,280,4,284,7,291,39,330,17,347,16,363,2,365,9,374,4,378,10,388,6,394,11,405,8,413,7,420,9,429,13,442,17,459,5,464,8,472,3,475,3,478,3,481,1,482,2,484,1,485,0,485,0,485,0,485,1,486,0,486,2,488,0,488,2,490,0,490,2,492,0,492,0,492,3,495,0,495,0,495,0,495,1,496,0,496,0,496,0,496,0,496,0,496,0,496,0,496,1,497,2,499,0,499,0,499,0,499,1,500,0,500,2,502,0,502,1,503,0,503,6,509,0,509,0,509,0,509,0,509,0,509,2,511,0,511,0,511,3,514,0,514,2,516,0,516,0,516,0,516,0,516,2,518,1,519,5,524,4,528,6,534,5,539,8,547,9,556,4,560,18,578,9,587,8,595
"시도별",대전,-,-,-,-,-,-,-,-,-,-,-,-,-,-,-,-,-,-,-,-,-,-,-,-,-,-,-,-,-,-,-,-,-,-,-,-,-,-,-,-,-,-,-,-,-,-,-,-,-,-,-,-,-,-,-,-,-,-,0,-,-,-,1,15,1,16,2,18,0,18,0,18,1,19,-1,18,0,18,2,20,2,22,0,22,0,22,0,22,0,22,0,22,0,22,0,22,0,22,2,24,0,24,0,24,0,24,6,30,1,31,0,31,3,34,0,34,2,36,0,36,0,36,0,36,0,36,1,37,2,39,0,39,0,39,0,39,0,39,0,39,0,39,0,39,0,39,0,39,0,39,1,40,-1,39,0,39,0,39,0,39,1,40,0,40,0,40,0,40,0,40,0,40,0,40,0,40,0,40,0,40,0,40,0,40,0,40,0,40,0,40,1,41,0,41,0,41,0,41,0,41,2,43,0,43,0,43,0,43,0,43,1,44,0,44,0,44,0,44,0,44,0,44,1,45,0,45,0,45,0,45,0,45,0,45,0,45,0,45,1,46,0,46,0,46,0,46,0,46,0,46,0,46,0,46,0,46,0,46,0,46,0,46,0,46,0,46,0,46,0,46,3,49,5,54,7,61,6,67,5,72,10,82,0,82,4,86,8,94,4,98,4,102,2,104,6,110,2,112,5,117,4,121,1,122,4,126,3,129,8,137,2,139,2,141,2,143,6,149,7,156,2,158,1,159,0,159,1,160,3,163,1,164,1,165,0,165,1,166,0,166,0,166,0,166,0,166,0,166,0,166,0,166,0,166,0,166,0,166,0,166,0,166,0,166,0,166,0,166,0,166,0,166,0,166,0,166,0,166,0,166,0,166,0,166,1,167,0,167,0,167,1,168,0,168,2,170,0,170,0,170,8,178,7,185,5,190,15,205,10,215,11,226,7,233,3,236,3,239,4,243,6,249,7,256,8,264,14,278,4,282,4,286,2,288,5,293,5,298,4,302,8,310,11,321,11,332,7,339,2,341,1,342,3,345,1,346,2,348,3,350,2,352,2,354,2,356,0,356,0,356,1,357,0,357,1,358,0,358,0,358,0,358,2,360,0,360,0,360,2,362,2,364,1,365,3,368,2,370,7,377,5,382,1,383,2,385,13,398,10,408,4,412,1,413,2,415,0,415,1,416,2,418,1,419,4,423,0,423,0,423,5,428,1,429,1,430,5,435,7,442,0,442,0,442,0,442,0,442,0,442,0,442,1,443,0,443,0,443,1,444,1,445,0,445,0,445,1,446,2,448,0,448,2,450,0,450,3,453,1,454,1,455,1,456
"시도별",울산,-,-,-,-,-,-,-,-,-,-,-,-,-,-,-,-,-,-,-,-,-,-,-,-,-,-,-,-,-,-,-,-,-,-,-,-,-,-,-,-,-,-,-,-,-,-,-,-,-,-,-,-,-,-,-,-,-,-,3,-,-,-,3,23,0,23,0,23,0,23,1,24,0,24,0,24,1,25,0,25,2,27,0,27,1,28,0,28,0,28,2,30,6,36,0,36,0,36,0,36,0,36,0,36,1,37,0,37,2,39,0,39,0,39,0,39,0,39,0,39,1,40,0,40,0,40,0,40,0,40,0,40,0,40,0,40,0,40,1,41,0,41,0,41,1,42,0,42,0,42,0,42,0,42,0,42,1,43,0,43,0,43,0,43,0,43,0,43,0,43,0,43,0,43,0,43,0,43,0,43,0,43,0,43,1,44,0,44,0,44,0,44,0,44,0,44,0,44,0,44,0,44,1,45,0,45,0,45,0,45,0,45,0,45,4,49,0,49,0,49,1,50,0,50,0,50,0,50,0,50,0,50,0,50,0,50,0,50,2,52,0,52,0,52,0,52,0,52,0,52,0,52,1,53,0,53,0,53,0,53,0,53,0,53,0,53,0,53,0,53,0,53,0,53,0,53,0,53,0,53,0,53,0,53,0,53,2,55,0,55,0,55,0,55,0,55,0,55,0,55,0,55,0,55,0,55,0,55,0,55,0,55,0,55,0,55,0,55,0,55,0,55,0,55,0,55,0,55,0,55,1,56,0,56,1,57,0,57,0,57,0,57,0,57,0,57,0,57,1,58,0,58,0,58,0,58,1,59,0,59,0,59,0,59,0,59,0,59,0,59,0,59,0,59,0,59,0,59,1,60,0,60,0,60,0,60,1,61,1,62,0,62,3,65,0,65,3,68,0,68,0,68,1,69,3,72,3,75,1,76,0,76,2,78,2,80,1,81,0,81,3,84,5,89,6,95,5,100,8,108,3,111,1,112,1,113,3,116,3,119,4,123,4,127,5,132,1,133,7,140,1,141,0,141,0,141,0,141,0,141,0,141,1,142,0,142,1,143,2,145,0,145,0,145,0,145,0,145,1,146,0,146,1,147,0,147,0,147,0,147,1,148,4,152,1,153,1,154,0,154,0,154,0,154,1,155,0,155,0,155,1,156,0,156,0,156,0,156,0,156,0,156,0,156,1,157,0,157,0,157,0,157,1,158,1,159,0,159,0,159,2,161,2,163,0,163,0,163,1,164,0,164,1,165,0,165,0,165,0,165,1,166,0,166,0,166,0,166,1,167,0,167,0,167,0,167,0,167,0,167,3,170,0,170
"시도별",세종,-,-,-,-,-,-,-,-,-,-,-,-,-,-,-,-,-,-,-,-,-,-,-,-,-,-,-,-,-,-,-,-,-,-,-,-,-,-,-,-,-,-,-,-,-,-,-,-,-,-,-,-,-,-,-,-,-,-,0,-,-,-,0,1,0,1,0,1,1,2,1,3,3,6,2,8,2,10,5,15,17,32,6,38,1,39,1,40,0,40,1,41,0,41,0,41,0,41,0,41,1,42,0,42,2,44,0,44,0,44,0,44,2,46,0,46,0,46,0,46,0,46,0,46,0,46,0,46,0,46,0,46,0,46,0,46,0,46,0,46,0,46,0,46,0,46,0,46,0,46,0,46,0,46,0,46,0,46,0,46,0,46,0,46,0,46,0,46,0,46,0,46,0,46,0,46,0,46,0,46,0,46,0,46,0,46,0,46,0,46,0,46,0,46,0,46,0,46,1,47,0,47,0,47,0,47,0,47,0,47,0,47,0,47,0,47,0,47,0,47,0,47,0,47,0,47,0,47,0,47,0,47,0,47,0,47,0,47,0,47,0,47,0,47,0,47,0,47,0,47,0,47,0,47,0,47,0,47,0,47,0,47,0,47,0,47,0,47,0,47,0,47,0,47,1,48,0,48,0,48,1,49,0,49,0,49,0,49,0,49,0,49,0,49,0,49,0,49,1,50,0,50,0,50,0,50,0,50,0,50,0,50,0,50,0,50,0,50,0,50,0,50,0,50,0,50,0,50,0,50,0,50,0,50,0,50,0,50,0,50,0,50,0,50,0,50,0,50,0,50,0,50,0,50,0,50,0,50,0,50,0,50,0,50,0,50,0,50,0,50,0,50,0,50,0,50,0,50,0,50,0,50,0,50,0,50,0,50,0,50,0,50,0,50,0,50,0,50,2,52,1,53,3,56,1,57,0,57,3,60,3,63,0,63,0,63,2,65,0,65,1,66,1,67,0,67,0,67,0,67,0,67,0,67,0,67,0,67,1,68,2,70,0,70,0,70,0,70,0,70,0,70,0,70,0,70,0,70,0,70,0,70,0,70,0,70,1,71,0,71,3,74,1,75,0,75,1,76,0,76,0,76,0,76,0,76,0,76,0,76,0,76,1,77,0,77,1,78,0,78,0,78,0,78,0,78,0,78,0,78,0,78,0,78,0,78,0,78,0,78,0,78,0,78,0,78,0,78,0,78,0,78,0,78,1,79,0,79,0,79,0,79,0,79,3,82,0,82,0,82,0,82,0,82,0,82,0,82,0,82,0,82,0,82,0,82,0,82,0,82,1,83,1,84,0,84,1,85,1,86,0,86,0,86
"시도별",경기,-,-,-,-,-,-,-,-,-,-,-,-,-,-,-,-,-,-,-,-,-,-,-,-,-,-,-,-,-,-,-,-,-,-,-,-,-,-,-,-,-,-,-,-,-,-,-,-,-,-,-,-,-,-,-,-,-,-,7,-,-,-,7,101,9,110,10,120,10,130,11,141,11,152,11,163,12,175,3,178,7,185,15,200,11,211,20,231,31,262,15,277,18,295,14,309,12,321,16,337,14,351,15,366,21,387,14,401,11,412,21,433,15,448,15,463,13,476,23,499,17,516,23,539,23,562,10,572,8,580,10,590,6,596,10,606,9,615,9,624,4,628,3,631,8,639,6,645,4,649,1,650,4,654,0,654,2,656,2,658,0,658,1,659,1,660,2,662,6,668,3,671,3,674,2,676,0,676,2,678,0,678,2,680,1,681,0,681,0,681,1,682,2,684,4,688,6,694,4,698,8,706,2,708,6,714,3,717,4,721,0,721,3,724,1,725,10,735,0,735,6,741,13,754,6,760,6,766,2,768,6,774,21,795,20,815,13,828,12,840,12,852,15,867,12,879,15,894,13,907,8,915,19,934,8,942,13,955,21,976,16,992,19,1011,14,1025,10,1035,10,1045,5,1050,13,1063,16,1079,11,1090,17,1107,10,1117,6,1123,7,1130,7,1137,9,1146,4,1150,17,1167,17,1184,16,1200,7,1207,16,1223,10,1233,18,1251,19,1270,8,1278,6,1284,13,1297,18,1315,8,1323,14,1337,4,1341,17,1358,11,1369,9,1378,5,1383,21,1404,15,1419,10,1429,4,1433,1,1434,2,1436,15,1451,28,1479,8,1487,14,1501,7,1508,6,1514,6,1520,11,1531,5,1536,10,1546,7,1553,3,1556,1,1557,11,1568,7,1575,13,1588,5,1593,18,1611,15,1626,6,1632,13,1645,19,1664,17,1681,47,1728,72,1800,98,1898,70,1968,52,2020,99,2119,85,2204,103,2307,95,2402,125,2527,85,2612,72,2684,98,2782,102,2884,113,2997,104,3101,80,3181,79,3260,63,3323,84,3407,64,3471,56,3527,50,3578,47,3625,31,3656,31,3687,55,3742,50,3792,47,3839,32,3871,32,3903,30,3933,39,3972,26,3998,54,4052,37,4089,41,4130,26,4156,18,4174,20,4194,30,4224,48,4272,27,4299,14,4313,21,4334,14,4348,10,4358,26,4384,21,4405,19,4424,10,4434,16,4450,27,4477,35,4512,53,4565,24,4589,12,4601,24,4625,21,4646,29,4675,38,4713,31,4744,8,4752,17,4769,32,4801,50,4851,18,4869,28,4897,24,4921,67,4988,103,5091,35,5126,27,5153,67,5220,35,5255,31,5286,58,5344,32,5376,27,5403,38,5441,41,5482,27,5509,43,5552,27,5579,47,5626,21,5647,25,5672,22,5694,33,5727,53,5780,35,5815,47,5862,49,5911,45,5956,42,5998,52,6050,87,6137,64,6201
"시도별",강원,-,-,-,-,-,-,-,-,-,-,-,-,-,-,-,-,-,-,-,-,-,-,-,-,-,-,-,-,-,-,-,-,-,-,-,-,-,-,-,-,-,-,-,-,-,-,-,-,-,-,-,-,-,-,-,-,-,-,8,-,-,-,1,21,2,23,2,25,1,26,1,27,1,28,0,28,1,29,0,29,0,29,0,29,0,29,0,29,0,29,1,30,0,30,0,30,0,30,0,30,0,30,0,30,1,31,0,31,0,31,1,32,2,34,2,36,0,36,2,38,1,39,2,41,1,42,3,45,0,45,2,47,2,49,0,49,0,49,0,49,0,49,0,49,0,49,2,51,1,52,0,52,1,53,0,53,0,53,0,53,0,53,0,53,0,53,0,53,0,53,0,53,0,53,0,53,0,53,0,53,0,53,0,53,0,53,0,53,0,53,0,53,0,53,0,53,0,53,1,54,0,54,0,54,1,55,0,55,0,55,0,55,0,55,0,55,0,55,0,55,0,55,0,55,1,56,0,56,0,56,0,56,0,56,0,56,1,57,0,57,0,57,0,57,0,57,0,57,0,57,1,58,0,58,0,58,0,58,1,59,0,59,0,59,0,59,1,60,0,60,0,60,0,60,0,60,0,60,0,60,2,62,0,62,0,62,1,63,0,63,1,64,0,64,0,64,0,64,1,65,0,65,0,65,0,65,0,65,1,66,1,67,0,67,0,67,0,67,0,67,0,67,0,67,2,69,0,69,0,69,3,72,0,72,0,72,0,72,0,72,0,72,0,72,0,72,0,72,0,72,0,72,0,72,0,72,0,72,0,72,2,74,0,74,0,74,0,74,0,74,1,75,2,77,0,77,0,77,0,77,0,77,0,77,0,77,0,77,1,78,3,81,0,81,1,82,2,84,6,90,5,95,9,104,16,120,15,135,6,141,8,149,18,167,14,181,3,184,0,184,2,186,3,189,4,193,2,195,4,199,3,202,3,205,5,210,0,210,0,210,0,210,2,212,0,212,3,215,1,216,0,216,1,217,0,217,0,217,0,217,0,217,0,217,0,217,2,219,1,220,2,222,1,223,0,223,0,223,1,224,0,224,0,224,0,224,0,224,0,224,0,224,0,224,0,224,0,224,0,224,0,224,0,224,2,226,1,227,4,231,0,231,1,232,0,232,3,235,2,237,1,238,3,241,2,243,2,245,1,246,0,246,0,246,0,246,6,252,14,266,7,273,6,279,0,279,3,282,1,283,1,284,0,284,1,285,7,292,4,296,9,305,11,316,3,319,9,328,6,334,23,357,18,375,19,394,20,414,13,427,5,432,20,452
"시도별",충북,-,-,-,-,-,-,-,-,-,-,-,-,-,-,-,-,-,-,-,-,-,-,-,-,-,-,-,-,-,-,-,-,-,-,-,-,-,-,-,-,-,-,-,-,-,-,-,-,-,-,-,-,-,-,-,-,-,-,1,-,-,-,0,11,1,12,3,15,5,20,4,24,1,25,0,25,2,27,0,27,0,27,1,28,3,31,0,31,0,31,1,32,1,33,0,33,1,34,1,35,2,37,1,38,0,38,1,39,2,41,0,41,0,41,3,44,0,44,0,44,0,44,1,45,0,45,0,45,0,45,0,45,0,45,0,45,0,45,0,45,0,45,0,45,0,45,0,45,0,45,0,45,0,45,0,45,0,45,0,45,0,45,0,45,0,45,0,45,0,45,0,45,0,45,0,45,0,45,0,45,0,45,0,45,0,45,0,45,0,45,1,46,1,47,0,47,2,49,3,52,0,52,0,52,3,55,0,55,1,56,0,56,3,59,0,59,0,59,0,59,0,59,0,59,0,59,0,59,1,60,0,60,0,60,0,60,0,60,0,60,0,60,0,60,0,60,0,60,0,60,0,60,1,61,0,61,0,61,0,61,0,61,0,61,0,61,0,61,0,61,0,61,0,61,0,61,0,61,0,61,0,61,0,61,1,62,0,62,0,62,0,62,1,63,1,64,0,64,1,65,0,64,0,64,0,64,2,66,0,66,0,66,0,66,0,66,0,66,2,68,0,68,0,68,1,69,1,70,0,70,1,71,0,71,0,71,0,71,0,71,0,71,1,72,0,72,0,72,0,72,0,72,1,73,0,73,0,73,0,73,0,73,0,73,0,73,0,73,1,74,6,80,1,81,0,81,0,81,1,82,0,82,0,82,0,82,0,82,0,82,0,82,1,83,3,86,1,87,2,89,1,90,3,93,2,95,3,98,10,108,2,110,0,110,1,111,5,116,6,122,5,127,1,128,1,129,1,130,1,131,4,135,4,139,2,141,0,141,1,142,1,143,3,146,1,147,0,147,0,147,0,147,2,149,2,151,0,151,3,154,1,155,1,156,2,158,2,160,2,162,2,164,3,167,0,167,2,169,1,170,1,171,0,171,1,172,0,172,1,173,2,175,1,176,0,176,0,176,1,177,1,178,0,178,0,178,0,178,1,179,0,179,1,180,0,180,0,180,0,180,1,181,2,183,1,184,0,184,0,184,0,184,0,184,2,186,1,187,0,187,0,187,2,189,0,189,1,190,2,192,1,193,0,193,2,195,0,195,0,195,2,197,4,201,2,203,2,205,1,206,1,207,0,207,8,215,3,218,0,218,0,218,4,222
"시도별",충남,-,-,-,-,-,-,-,-,-,-,-,-,-,-,-,-,-,-,-,-,-,-,-,-,-,-,-,-,-,-,-,-,-,-,-,-,-,-,-,-,-,-,-,-,-,-,-,-,-,-,-,-,-,-,-,-,-,-,13,-,-,-,1,82,4,86,4,90,2,92,6,98,4,102,2,104,8,112,2,114,1,115,0,115,0,115,0,115,0,115,3,118,0,118,1,119,0,119,1,120,0,120,0,120,3,123,1,124,0,124,2,126,1,127,0,127,1,128,3,131,2,133,1,134,1,135,0,135,1,136,1,137,0,137,1,138,0,138,0,138,1,139,0,139,0,139,0,139,0,139,0,139,2,141,0,141,0,141,0,141,0,141,0,141,0,141,0,141,0,141,1,142,0,142,1,143,0,143,0,143,0,143,0,143,0,143,0,143,0,143,0,143,0,143,0,143,0,143,0,143,0,143,0,143,1,144,0,144,0,144,0,144,0,144,0,144,0,144,1,145,0,145,0,145,0,145,0,145,0,145,0,145,1,146,0,146,0,146,0,146,0,146,0,146,0,146,0,146,1,147,1,148,0,148,0,148,2,150,0,150,0,150,0,150,1,151,0,151,2,152,0,152,1,153,3,156,0,156,2,158,1,159,2,161,0,161,1,162,1,163,3,166,0,166,1,167,0,167,0,167,1,168,3,171,1,172,0,172,0,172,1,173,0,173,6,179,1,180,0,180,1,181,0,181,4,185,0,185,0,185,0,185,0,185,0,185,0,185,1,186,0,186,1,187,0,187,0,187,0,187,0,187,1,188,1,189,0,189,0,189,1,190,0,190,0,190,0,190,0,190,0,190,2,192,0,192,0,192,1,193,0,193,2,195,1,196,1,197,3,200,2,202,5,207,4,211,5,216,3,219,5,224,13,237,7,244,10,254,8,262,9,271,12,283,15,298,9,307,8,315,8,323,9,332,7,339,7,346,7,353,21,374,4,378,2,380,3,383,0,383,8,391,12,403,14,417,6,423,11,434,8,442,3,445,2,447,10,457,6,463,4,467,1,468,0,468,0,468,5,473,1,474,1,475,0,475,2,477,0,477,2,479,5,484,3,487,1,488,1,489,0,489,2,491,0,491,0,491,0,491,0,491,3,494,1,495,2,497,2,499,1,500,0,500,1,501,2,503,0,503,2,505,2,507,0,507,11,518,4,522,5,527,2,529,1,530,1,531,1,532,1,533,3,536,5,541,9,550,11,561,7,568,10,578,23,601,25,626,9,635,9,644,10,654,4,658,7,665,9,674,8,682,11,693,5,698,6,704,9,713,7,720,13,733
"시도별",전북,-,-,-,-,-,-,-,-,-,-,-,-,-,-,-,-,-,-,-,-,-,-,-,-,-,-,-,-,-,-,-,-,-,-,-,-,-,-,-,-,-,-,-,-,-,-,-,-,-,-,-,-,-,-,-,-,-,-,1,-,-,-,0,7,0,7,0,7,0,7,0,7,0,7,0,7,0,7,0,7,0,7,0,7,0,7,0,7,0,7,2,9,1,10,0,10,0,10,0,10,0,10,0,10,0,10,0,10,0,10,0,10,2,12,1,13,0,13,1,14,0,14,1,15,0,15,1,16,0,16,0,16,1,17,0,17,0,17,0,17,0,17,0,17,0,17,0,17,0,17,0,17,0,17,0,17,0,17,0,17,0,17,0,17,0,17,0,17,1,18,0,18,0,18,0,18,0,18,0,18,0,18,0,18,0,18,0,18,0,18,0,18,1,19,0,19,0,19,0,19,0,19,1,20,0,20,0,20,0,20,0,20,0,20,0,20,1,21,0,21,0,21,0,21,0,21,0,21,0,21,0,21,0,21,0,21,0,21,0,21,0,21,0,21,0,21,0,21,0,21,0,21,0,21,0,21,0,21,0,21,0,21,0,21,0,21,0,21,0,21,0,21,0,21,1,22,0,22,1,23,0,23,1,24,0,24,1,25,0,25,0,25,1,26,0,26,1,27,0,27,0,27,0,27,1,28,0,28,1,29,0,29,1,30,2,32,1,33,0,33,2,35,1,36,0,36,2,38,0,38,0,38,0,38,0,38,0,38,1,39,0,39,0,39,0,39,0,39,0,39,0,39,0,39,0,39,0,39,0,39,0,39,0,39,0,39,0,39,0,39,0,39,0,39,0,39,0,39,0,39,0,39,1,40,0,40,2,42,0,42,1,43,0,43,1,44,7,51,1,52,6,58,5,63,4,67,0,67,4,71,4,75,7,82,2,84,2,86,0,86,0,86,1,87,0,87,0,87,0,87,0,87,2,89,1,90,1,91,3,94,1,95,1,96,0,96,1,97,2,99,1,100,1,101,5,106,0,106,8,114,1,115,0,115,0,115,0,115,1,116,1,117,3,120,3,123,2,125,0,125,0,125,3,128,0,128,0,128,1,129,0,129,3,132,9,141,8,149,0,149,0,149,0,149,0,149,2,151,1,152,0,152,1,153,2,155,0,155,0,155,1,156,0,156,0,156,2,158,2,160,0,160,0,160,0,160,0,160,3,163,1,164,2,166,0,166,0,166,0,166,0,166,0,166,0,166,1,167,0,167,0,167,4,171,0,171,1,172,0,172,0,172,4,176,2,178,1,179,0,179,0,179,2,181
"시도별",전남,-,-,-,-,-,-,-,-,-,-,-,-,-,-,-,-,-,-,-,-,-,-,-,-,-,-,-,-,-,-,-,-,-,-,-,-,-,-,-,-,-,-,-,-,-,-,-,-,-,-,-,-,-,-,-,-,-,-,0,-,-,-,0,5,-1,4,0,4,0,4,0,4,0,4,0,4,0,4,0,4,0,4,0,4,0,4,0,4,0,4,1,5,0,5,0,5,0,5,1,6,0,6,0,6,2,8,0,8,0,8,0,8,1,9,0,9,0,9,3,12,2,14,1,15,0,15,0,15,0,15,0,15,0,15,0,15,0,15,0,15,0,15,0,15,0,15,0,15,0,15,0,15,0,15,0,15,0,15,0,15,0,15,0,15,0,15,0,15,0,15,0,15,0,15,0,15,0,15,0,15,0,15,0,15,1,16,0,16,0,16,0,16,0,16,0,16,0,16,0,16,0,16,0,16,1,17,1,18,0,18,0,18,0,18,0,18,0,18,0,18,0,18,0,18,0,18,0,18,0,18,0,18,0,18,0,18,1,19,0,19,1,20,0,20,0,20,0,20,0,20,0,20,0,20,0,20,0,20,0,20,0,20,0,20,0,20,0,20,0,20,0,20,0,20,0,20,0,20,0,20,0,20,0,20,0,20,0,20,0,20,0,20,0,20,3,23,1,24,0,24,1,25,0,25,0,25,0,25,0,25,2,27,0,27,1,28,1,29,3,32,0,32,0,32,0,32,0,32,0,32,0,32,0,32,1,33,0,33,2,35,0,35,0,35,0,35,0,35,1,36,0,36,0,36,2,38,0,38,0,38,0,38,0,38,0,38,0,38,1,39,0,39,2,41,0,41,0,41,0,41,1,42,0,42,0,42,0,42,0,42,0,42,0,42,0,42,0,42,2,44,3,47,6,53,7,60,14,74,7,81,1,82,13,95,13,108,12,120,9,129,8,137,5,142,4,146,3,149,6,155,1,156,0,156,3,159,0,159,1,160,1,161,2,163,2,165,1,166,0,166,0,166,0,166,0,166,1,167,0,167,0,167,0,167,0,167,0,167,0,167,1,168,0,168,0,168,1,169,0,169,0,169,0,169,1,170,0,170,3,173,0,173,0,173,0,173,0,173,0,173,1,174,2,176,0,176,0,176,0,176,0,176,0,176,0,176,1,177,0,177,0,177,0,177,1,178,0,178,1,179,2,181,0,181,0,181,3,184,0,184,0,184,1,185,0,185,3,188,2,190,0,190,0,190,0,190,0,190,0,190,4,194,2,196,2,198,1,199,8,207,9,216,13,229,9,238,10,248,16,264,15,279,28,307
"시도별",경북,-,-,-,-,-,-,-,-,-,-,-,-,-,-,-,-,-,-,-,-,-,-,-,-,-,-,-,-,-,-,-,-,-,-,-,-,-,-,-,-,-,-,-,-,-,-,-,-,-,-,-,-,-,-,-,-,-,-,67,-,-,-,89,774,87,861,123,984,65,1049,32,1081,26,1107,10,1117,18,1135,8,1143,4,1147,6,1153,4,1157,7,1164,5,1169,9,1178,12,1190,13,1203,40,1243,11,1254,2,1256,1,1257,5,1262,12,1274,9,1283,2,1285,2,1287,11,1298,2,1300,2,1302,2,1304,5,1309,1,1310,4,1314,2,1316,1,1317,3,1320,0,1320,7,1327,3,1330,3,1333,4,1337,5,1342,6,1348,4,1352,4,1356,2,1358,1,1359,2,1361,0,1361,2,1363,0,1363,1,1364,0,1364,0,1364,0,1364,1,1365,0,1365,0,1365,1,1366,0,1366,0,1366,0,1366,0,1366,0,1366,0,1366,0,1366,0,1366,0,1366,0,1366,1,1367,0,1367,1,1368,0,1368,0,1368,0,1368,0,1368,0,1368,0,1368,0,1368,2,1370,0,1370,6,1376,1,1377,1,1378,0,1378,1,1379,0,1379,0,1379,0,1379,0,1379,0,1379,0,1379,1,1380,2,1382,1,1383,0,1383,0,1383,0,1383,0,1383,0,1383,0,1383,0,1383,0,1383,0,1383,0,1383,0,1383,0,1383,0,1383,1,1384,0,1384,1,1385,0,1385,1,1386,0,1386,1,1387,0,1387,0,1387,1,1388,1,1389,0,1389,0,1389,1,1390,1,1391,1,1392,1,1393,0,1393,1,1394,0,1393,0,1393,0,1393,0,1393,0,1393,0,1393,0,1393,0,1393,0,1393,0,1393,0,1393,1,1394,1,1395,0,1395,0,1395,1,1396,0,1396,0,1396,0,1396,1,1397,1,1398,1,1399,2,1401,1,1402,1,1403,1,1404,1,1405,0,1405,4,1409,1,1410,0,1410,0,1410,1,1411,0,1411,0,1411,0,1411,1,1412,0,1412,0,1412,2,1414,3,1417,3,1420,5,1425,6,1431,4,1435,2,1437,6,1443,1,1444,0,1444,4,1448,1,1449,1,1450,3,1453,2,1455,9,1464,4,1468,0,1468,4,1472,1,1473,2,1475,0,1475,3,1478,0,1478,3,1481,2,1483,2,1485,2,1487,1,1488,1,1489,2,1491,6,1497,5,1502,4,1506,5,1511,1,1512,4,1516,6,1522,2,1524,6,1530,3,1533,6,1539,4,1543,2,1545,6,1551,5,1556,4,1560,2,1562,4,1566,1,1567,0,1567,0,1567,1,1568,0,1568,0,1568,0,1568,1,1569,1,1570,0,1570,1,1571,0,1571,0,1571,0,1571,2,1573,2,1575,2,1577,1,1578,0,1578,0,1578,0,1578,3,1581,0,1581,5,1586,1,1587,0,1587,0,1587,0,1587,1,1588,0,1588,2,1590,0,1590,1,1591,0,1591,2,1593,1,1594,1,1595,0,1595,1,1596,0,1596,0,1596,2,1598,14,1612,3,1615,16,1631,8,1639
"시도별",경남,-,-,-,-,-,-,-,-,-,-,-,-,-,-,-,-,-,-,-,-,-,-,-,-,-,-,-,-,-,-,-,-,-,-,-,-,-,-,-,-,-,-,-,-,-,-,-,-,-,-,-,-,-,-,-,-,-,-,4,-,-,-,1,65,9,74,3,77,5,82,1,83,0,83,0,83,1,84,1,85,0,85,0,85,0,85,0,85,1,86,0,86,0,86,1,87,0,87,1,88,1,89,1,90,0,90,0,90,1,91,0,91,3,94,1,95,1,96,4,100,6,106,1,107,1,108,1,109,2,111,1,112,1,113,2,115,0,115,0,115,0,115,0,115,0,115,0,115,0,115,0,115,1,116,0,116,0,116,0,116,1,117,0,117,0,117,0,117,0,117,0,117,0,117,0,117,0,117,0,117,0,117,0,117,0,117,0,117,0,117,0,117,0,117,0,117,0,117,0,117,1,118,1,119,0,119,0,119,0,119,2,121,0,121,0,121,0,121,0,121,1,122,1,123,0,123,0,123,0,123,0,123,0,123,0,123,0,123,0,123,0,123,0,123,0,123,0,123,0,123,1,124,0,124,0,124,1,125,2,127,0,127,0,127,0,127,0,127,3,130,2,132,0,132,0,132,0,132,0,132,1,133,0,133,0,133,0,133,0,133,0,133,0,133,0,133,1,134,0,134,0,134,0,134,2,136,1,137,0,137,1,138,0,138,2,140,2,142,3,145,0,145,1,146,2,148,0,148,0,148,1,149,2,151,2,153,0,153,2,155,0,155,1,156,0,156,2,158,0,158,0,158,0,158,0,158,0,158,1,159,0,159,0,159,0,159,2,161,0,161,4,165,1,166,0,166,0,166,0,166,0,166,0,166,0,166,1,167,0,167,1,168,2,170,0,170,0,170,1,171,3,174,4,178,9,187,9,196,1,197,2,199,5,204,8,212,4,216,12,228,7,235,1,236,3,239,1,240,0,240,3,243,8,251,6,257,3,260,0,260,1,261,1,262,0,262,3,265,3,268,1,269,2,271,3,274,3,277,4,281,1,282,1,283,2,285,1,286,0,286,1,287,1,288,1,289,1,290,1,291,0,291,0,291,0,291,0,291,0,291,0,291,1,292,0,292,0,292,3,295,1,296,0,296,0,296,1,297,0,297,0,297,0,297,0,297,2,299,0,299,1,300,1,301,0,301,0,301,0,301,0,301,2,303,3,306,5,311,3,314,0,314,1,315,1,316,2,318,1,319,1,320,0,320,5,325,13,338,5,343,10,353,4,357,2,359,11,370,4,374,3,377,4,381,3,384,4,388,3,391,9,400,28,428
"시도별",제주,-,-,-,-,-,-,-,-,-,-,-,-,-,-,-,-,-,-,-,-,-,-,-,-,-,-,-,-,-,-,-,-,-,-,-,-,-,-,-,-,-,-,-,-,-,-,-,-,-,-,-,-,-,-,-,-,-,-,0,-,-,-,0,3,1,4,0,4,0,4,0,4,0,4,0,4,0,4,0,4,0,4,0,4,0,4,0,4,0,4,0,4,0,4,0,4,0,4,0,4,0,4,0,4,2,6,0,6,1,7,1,8,0,8,1,9,0,9,0,9,0,9,0,9,0,9,3,12,0,12,0,12,0,12,0,12,0,12,0,12,0,12,0,12,0,12,1,13,0,13,0,13,0,13,0,13,0,13,0,13,0,13,0,13,0,13,0,13,0,13,0,13,0,13,0,13,0,13,0,13,0,13,0,13,0,13,0,13,0,13,0,13,0,13,0,13,1,14,0,14,0,14,0,14,0,14,0,14,0,14,0,14,0,14,0,14,0,14,0,14,0,14,0,14,0,14,0,14,0,14,0,14,0,14,0,14,0,14,1,15,0,15,0,15,0,15,0,15,0,15,0,15,0,15,0,15,0,15,0,15,0,15,0,15,0,15,0,15,0,15,0,15,1,16,0,16,3,19,0,19,0,19,0,19,0,19,0,19,0,19,0,19,0,19,0,19,0,19,0,19,0,19,0,19,0,19,0,19,1,20,0,20,0,20,0,20,0,20,0,20,0,20,0,20,0,20,0,20,0,20,0,20,3,23,1,24,1,25,0,25,1,26,0,26,0,26,0,26,0,26,0,26,0,26,0,26,0,26,0,26,0,26,0,26,0,26,0,26,0,26,0,26,0,26,0,26,0,26,0,26,0,26,0,26,0,26,0,26,0,26,0,26,0,26,0,26,0,26,0,26,0,26,0,26,2,28,0,28,0,28,3,31,2,33,1,34,2,36,1,37,2,39,6,45,1,46,1,47,0,47,0,47,1,48,0,48,0,48,0,48,0,48,2,50,2,52,1,53,0,53,0,53,3,56,0,56,0,56,2,58,0,58,0,58,0,58,0,58,0,58,1,59,0,59,0,59,0,59,0,59,0,59,0,59,0,59,0,59,0,59,0,59,0,59,0,59,0,59,0,59,0,59,0,59,0,59,0,59,0,59,0,59,0,59,0,59,0,59,0,59,0,59,0,59,0,59,0,59,0,59,0,59,0,59,0,59,0,59,0,59,0,59,0,59,0,59,0,59,0,59,0,59,1,60,0,60,0,60,0,60,0,60,0,60,0,60,0,60,1,61,1,62,0,62,0,62,1,63,0,63,0,63,0,63
"시도별",검역,-,-,-,-,-,-,-,-,-,-,-,-,-,-,-,-,-,-,-,-,-,-,-,-,-,-,-,-,-,-,-,-,-,-,-,-,-,-,-,-,-,-,-,-,-,-,-,-,-,-,-,-,-,-,-,-,-,-,0,-,-,-,-,-,-,-,-,-,-,-,-,-,-,-,-,-,-,-,-,-,-,-,-,-,-,-,4,4,2,6,5,11,5,16,1,17,6,23,11,34,13,47,20,67,34,101,30,131,13,144,24,168,21,189,13,202,15,217,7,224,18,242,22,264,15,279,24,303,7,310,14,324,14,338,10,348,4,352,6,358,18,376,6,382,7,389,4,393,4,397,11,408,4,412,2,414,4,418,3,421,2,423,2,425,1,426,4,430,1,431,5,436,3,439,3,442,4,446,4,450,3,453,5,458,4,462,2,464,2,466,1,467,3,470,0,470,6,476,3,479,1,480,1,481,0,481,1,482,8,490,4,494,7,501,0,501,2,503,1,504,7,511,3,514,4,518,1,519,2,521,1,522,7,529,0,529,5,534,0,534,2,536,1,537,0,537,2,539,1,540,5,545,2,547,3,550,0,550,6,556,2,558,10,568,1,569,1,570,7,577,9,586,7,593,4,597,11,608,18,626,4,630,0,630,26,656,12,668,4,672,7,679,11,690,16,706,5,711,13,724,5,729,2,731,4,735,18,753,9,762,15,777,16,793,11,804,5,809,4,813,8,821,12,833,18,851,12,863,23,886,20,906,25,931,12,943,7,950,10,960,18,978,19,997,5,1002,3,1005,81,1086,42,1128,7,1135,10,1145,21,1166,8,1174,12,1186,19,1205,17,1222,14,1236,7,1243,6,1249,6,1255,5,1260,5,1265,1,1266,6,1272,3,1275,8,1283,3,1286,7,1293,2,1295,0,1295,2,1297,6,1303,2,1305,2,1307,3,1310,4,1314,4,1318,4,1322,3,1325,3,1328,3,1331,8,1339,5,1344,7,1351,3,1354,4,1358,3,1361,3,1364,4,1368,4,1372,4,1376,4,1380,4,1384,4,1388,4,1392,9,1401,10,1411,7,1418,5,1423,5,1428,2,1430,2,1432,2,1434,1,1435,6,1441,10,1451,2,1453,6,1459,5,1464,6,1470,9,1479,11,1490,7,1497,9,1506,5,1511,6,1517,6,1523,14,1537,9,1546,2,1548,5,1553,7,1560,3,1563,6,1569,5,1574,3,1577,9,1586,21,1607,14,1621,6,1616,3,1619,5,1624,13,1637,12,1649,3,1652,22,1674,9,1681,8,1689,6,1695,9,1704,17,1721,5,1726,2,1728,9,1737,4,1741,25,1766,14,1780,7,1787,12,1799,11,1810,6,1816,11,1827,8,1835,14,1849,11,1860,8,1868,8,1876,9,1885,14,1899,21,1920,18,1938,23,1961,8,1969,50,2019,39,2058
